BrandName,Name,Category,FinalPrice
,Craftsman 3-Drawer Portable Tool Chest - Red,Tools_Tool Storage_Portable Toolboxes,
,Craftsman 13-in and 18-in Tool Bag Set,Tools_Tool Storage_Tool Carriers,
,Craftsman 19-in Toolbox with Tray - Black/Red,Tools_Tool Storage_Portable Toolboxes,
,Craftsman 41&#8221; 7 Drawer Cabinet,Tools_Tool Storage_Bottom Rollaway Chests,
,Costway High Capacity 6-Drawer Rolling Tool Chest Storage Cabinet Toolbox Combo with Riser,Tools_Tool Storage_Portable Toolboxes,
,Craftsman 52 in. 11-Drawer Rolling Tool Cabinet,Tools_Tool Storage_Bottom Rollaway Chests,
,Craftsman 52 in. 6-Drawer Tool Chest,Tools_Tool Storage_Bottom Rollaway Chests,
,Craftsman 48 in. Adjustable Height Workbench with Pegboard and LED Light,Tools_Tool Storage_Workstations & Project Centers,
,Craftsman 41&#8221; 6 Drawer Chest,Tools_Tool Storage_Top Chest,
,DieHard 26&#8221; Bottom Rollaway Chest with 4 Drawers,Tools_Tool Storage_Bottom Rollaway Chests,
,DieHard 26&#8221; Top Chest with 4 Drawers,Tools_Tool Storage_Top Chest,
,Costway 2 in 1 Rolling Cabinet Storage Chest Box Garage Toolbox Organizer with 6 Drawers,Tools_Tool Storage_Tool Carts,
,Gymax 2 in 1 Rolling Garage Toolbox Storage Chest Cabinet Organizer w/ 6 Drawers Red,Tools_Tool Storage_Portable Toolboxes,
,Gymax High Capacity 6-Drawer Rolling Tool Chest Storage Cabinet Toolbox Combo w/ Riser,Tools_Tool Storage_Portable Toolboxes,
,Powerbuilt 26 Inch Rapid Box Portable Slant Front Power Tool Grey Locker Box - 941805E,Tools_Tool Storage_Portable Toolboxes,
,"Manhattan Comfort Fortress Rolling 2 Door Garage Storage Cabinet, Black/Gray",Tools_Tool Storage_Tool Chest Combos,
,Costway Three Tray Rolling Tool Cart Mechanic Cabinet Storage ToolBox Organizer w/Drawer,Tools_Tool Storage_Tool Carts,
,Gymax 2-in-1 Rolling Tool Box Set Mobile Tool Chest Storage Organizer Portable Black,Tools_Tool Storage_Tool Chest Combos,
,Costway 6-Drawer Rolling Tool Chest Storage Cabinet w/Riser Red,Tools_Tool Storage_Portable Toolboxes,
,"Gymax 6-Drawer Rolling Tool Chest Removable Tool Storage Cabinet with Sliding Drawers, Keyed Locking System Toolbox Organizer (Black)",Tools_Tool Storage_Middle Chests,
